{
    "old":{
        "start": {
            "032": {
                "flag": "old_heart_attack"
            },
            "031": {
                "flag": "old_show_stolen_heirloom"
            },
            "024": {
                "flag": "old_dd_mad"
            },
            "022": {
                "flag": "old_dd_reconciled"
            },
            "019": {
                "flag": "quest_flower_completed"
            },
            "014": {
                "flag": "quest_flower_accepted"
            },
            "013": {
                "flag": "quest_flower_refused"
            },
            "001": {}
        },
        "001": {
            "name": "Old Man",
            "text": "Oh, my beautiful Josefa, why did you have to leave me so soon?",
            "replies": {
                "002": {
                    "text": "Hi! Have you heard about a nearby vending machine? "
                },
                "004": {
                    "text": "What happened to your wife?"
                },
                "003": {
                    "text": "(Ignore)"
                }
            },
            "next": "003"
        },
        "002": {
            "name": "Old Man",
            "text": "Can't you see I'm mourning my wife? Don't bother me with that nonsense!"
        },
        "003": {
            "text": "He doesn't seem to notice you. Is he deep in thought... or is it just poor eyesight?"
        },
        "004": {
            "name": "Old Man",
            "text": "She was walking a boy's dog, and the wretched beast ran away. My wife went after it and a few hours later the dog came back, unharmed, while my wife was nowhere in sight.",
            "next": "005",
            "set_flag": "old_mention_dd"
        },
        "005": {
            "name": "Old Man",
            "text": "Later I found her, dead. The place was crawling with monsters, but I managed to bring back her body. She now rests dressed in her finest dress, with her beautiful family pendant at her neck.",
            "next": "006",
            "set_flag": "old_mention_necklace"
        },
        "006": {
            "name": "Old Man",
            "text": "May I ask something of you?",
            "replies": {
                "027": {
                    "text": "Hold on. Were you talking about this trinket?",
                    "item": "WifeHeirloom"
                },
                "009": {
                    "text": "Sure"
                    
                },
                "007": {
                    "text": "No"
                },
                "008": {
                    "text": "I don't care"
                }
            }
        },
        "007": {
            "name": "Old Man",
            "text": "It's alright.",
            "set_flag": "quest_flower_refused"
        },
        "008": {
            "name": "Old Man",
            "text": "How rude... Nevermind, then.",
            "set_flag": "quest_flower_refused"
        },
        "009": {
            "name": "Old Man",
            "text": "You seem like a capable individual. Would you mind picking up a certain flower for me?",
            "set_flag": "old_mention_flower",
            "replies": {
                "010": {
                    "text": "What's so special about this flower?",
                    "no_flag": "old_asked_special"
                },
                "011": {
                    "text": "Why don't you get it yourself?",
                    "no_flag": "old_asked_creatures"
                },
                "016": {
                    "text": "I already have it",
                    "item": "SpecialFlower"
                },
                "018": {
                    "text": "Actually, Raul Simao got one for you",
                    "flag": "dd_flower"                    
                },
                "012": {
                    "text": "Yeah, no problem"
                },
                "007": {
                    "text": "I can't"
                },
                "008":{
                    "text": "I don't care"
                }
            }
        },
        "010": {
            "name": "Old Man",
            "text": "It's my late wife's favorite flower. I'd like to place it in her grave...",
            "set_flag": "old_asked_special",
            "next": "009"
            
        },
        "011": {
            "name": "Old Man",
            "text": "I know where they grow, but the place's infested by vile creatures and I'm a frail, old man.",
            "set_flag": "old_asked_creatures",
            "next": "009"
        },
        "012": {
            "name": "Old Man",
            "text": "Oh, thank you so much. Josefa would be so pleased!",
            "set_flag": "quest_flower_accepted"
        },
        "013": {
            "name": "Old Man",
            "text": "Have you reconsidered?",
            "replies": {
                "009": {
                    "text": "Yes"
                },
                "002": {
                    "text": "Have you heard about a nearby vending machine?"
                },
                "004": {
                    "text": "Could you tell me about your wife again?"
                },
                "008": {
                    "text": "(Ignore)"
                    
                }
            }
        },
        "014": {
            "name": "Old Man",
            "text": "Do you have the flower?",
            "replies": {
                "017": {
                    "text": "Here you go",
                    "item": "SpecialFlower"
                },
                "018": {
                    "text": "Actually, Raul Simao got one for you",
                    "flag": "dd_flower"
                },
                "015": {
                    "text": "Not yet"
                }
            }
        },
        "015": {
            "name": "Old Man",
            "text": "Be safe, I won't go anywhere!"
        },
        "016": {
            "name": "Old Man",
            "text": "You've got it already?!",
            "next": "017"
        },
        "017": {
            "name": "Old Man",
            "text": "Thank you so much! You don't know how much this means to me... Here, this ain't much, but it's all I have!",
            "reward": "DogTreat",
            "set_flag":"quest_flower_completed",
            "remove_item":"SpecialFlower"
        },
        "018": {
            "name": "Old Man",
            "text": "Really? That's so nice of him! Maybe I've been too harsh... It wasn't his fault, and the dog's too stupid to blame",
            "delayed_flag":"old_dd_reconciled",
            "next": "017"
        },
        "019": {
            "name": "Old Man",
            "text": "Pleased to see you! How can I help?",
            "replies": {
                "027": {
                    "text": "Hey, is this your wife's pendant?",
                    "item": "WifeHeirloom"
                },
                "020": {
                    "text": "Have you heard about a machine nearby?"
                }
            }
        },
        "020": {
            "name": "Old Man",
            "text": "I don't know anything about that"
        },
        "021": {
            "name": "Old Man",
            "text": "Josefa..."
        },
        "022": {
            "name": "Old Man",
            "text": "Thank you. I've been mad at him... Them, for too long. How can I help you?",
            "replies": {
                "027": {
                    "text": "Hey, is this your wife's pendant?",
                    "item": "WifeHeirloom"
                },
                "020": {
                    "text": "Have you heard about a machine nearby?"
                }
            }
        },
        "023": {
            "name": "Old Man",
            "text": "Howdy"
        },
        "024": {
            "name": "Old Man",
            "text": "That rotten bastard... And his beast... They will burn in hell!",
            "replies": {
                "030": {
                    "text": "Hey, is this your wife's pendant?",
                    "item": "WifeHeirloom"
                },
                "025": {
                    "text": "Have you heard about a machine nearby?"
                }
            }
        },
        "025": {
            "name": "Old Man",
            "text": "I don't know"
        },
        "026": {
            "name": "Old Man",
            "text": "GO away"
        },
        "027": {
            "name": "Old Man",
            "text": "You... You monster. Give it to me, that's not yours to take!",
            "set_flag": "old_show_stolen_heirloom",
            "replies": {
                "028": {
                    "text": "I am so sorry, here you go"
                },
                "029": {
                    "text": "Nope, it's mine now"
                }
            }
        },
        "028": {
            "name": "Old Man",
            "text": "My poor Josefa's rest disturbed... I will never forgive you, begone!",
            "remove_item": "WifeHeirloom"
        },
        "029": {
            "name": "Old Man",
            "text": "No! I won't let y... My heart... I can't..... (dies)",
            "set_flag": "old_heart_attack"
        },
        "030": {
            "name": "Old Man",
            "text": "What?! And you made me blame it all on poor Raul Simao?!",
            "delayed_flag": "old_dd_reconciled",
            "next": "27"
        },
        "031": {
            "name": "Old Man",
            "text": "Begone! I don't want to see you again!"
        },
        "032": {
            "text": "He isn't moving... nor breathing."
        }
    },
    "dd": {
        "start": {
            "038": {
                "flag": "dd_return_dog"
            },
            "035": {
                "flag": "dd_borrow_dog"
            },
            "026": {
                "flag": "dd_flower"
            },
            "025": {
                "flag": "quest_flower_dd_sad"
            },
            "020": {
                "flag": "quest_flower_dd"
            },
            "018": {
                "flag": "quest_flower_dd_no"
            },
            "007": {
                "flag": "dd_mangy"
            },
            "006": {
                "flag": "dd_meet"
            },
            "001": {}
        },
        "001": {
            "name": "Raul Simao",
            "text": "Hey, I'm Raul Simao, and this is my lovely dog, Spritz.",
            "set_flag": "dd_meet",
            "replies": {
                "011": {
                    "text": "Hey, isn't that the dog who killed the old man's wife?",
                    "flag": "old_mention_dd"
                },
                "003": {
                    "text": "Hi, pleased to meet you"
                },
                "002": {
                    "text": "Get that mangy thing away from me"
                },
                "branch_dog": {
                    "text": "Could I borrow your dog?"
                }
            }
        },
        "002": {
            "name": "Raul Simao",
            "text": "Spritz ain't mangy!",
            "set_flag": "dd_mangy"
        },
        "003": {
            "name": "Raul Simao",
            "text": "Have you talked to Old Man Arnaldo?",
            "replies": {
                "010": {
                    "text": "Yes"
                },
                "005": {
                    "text": "No"
                },
                "004": {
                    "text": "Who?"
                },
                "008": {
                    "text": "Could I borrow that dog?",
                    "flag": "dd_mangy"
                },
                "branch_dog": {
                    "text": "Could I borrow Spritz?",
                    "no_flag": "dd_mangy"
                }
            }
        },
        "004": {
            "name": "Raul Simao",
            "text": "You don't know Old Man Arnaldo? He's that old man, down there.",
            "next": "005"
        },
        "005": {
            "name": "Raul Simao",
            "text": "If he asks something of you, please come and see me."
        },
        "006": {
            "name": "Raul Simao",
            "text": "Hello, again!",
            "next": "003"
        },
        "007": {
            "name": "Raul Simao",
            "text": "I hope you didn't come here to insult Spritz again...",
            "next": "003"
        },
        "008": {
            "name": "Raul Simao",
            "text": "It depends. Do you still think Spritz is a \"mangy thing\"?",
            "replies": {
                "009": {
                    "text": "Yes"
                },
                "branch_dog": {
                    "text": "No"
                }
            }
        },
        "009": {
            "name": "Raul Simao",
            "text": "Then I guess you wouldn't want that \"mangy thing\" following you around, would you?"
        },
        "010": {
            "name": "Raul Simao",
            "text": "What did he tell you?",
            "replies": {
                "011": {
                    "text": "He told me a dog got his wife killed.",
                    "flag": "old_mention_dd",
                    "no_flag": "dd_mention_spritz_fault"
                },
                "012": {
                    "text": "He wants me to get him some sort of flower.",
                    "flag": "old_mention_flower",
                    "no_flag": "old_asked_special"
                },
                "013": {
                    "text": "He wants me to get him his wife's favorite flower.",
                    "flag": "old_asked_special"
                },
                "005": {
                    "text": "Nothing interesting."
                }
            }
        },
        "011": {
            "name": "Raul Simao",
            "text": "It was not Spritz's fault. He only goes where people walk him, unless he's in danger. He came running back for help that day. Josefa probably didn't know of the monsters...",
            "set_flag": "dd_mention_spritz_fault",
            "next": "010"
        },
        "012": {
            "name": "Raul Simao",
            "text": "He was probably talking about his wife's favorite flower...",
            "next": "013"
        },
        "013": {
            "name": "Raul Simao",
            "text": "If I gave it to him, he might be willing to to hear me out and who knows, maybe forgive me...",
            "set_flag": "dd_know_quest_flower",
            "next": "014"
        },
        "014": {
            "name": "Raul Simao",
            "text": "When you find it, could you bring it to me instead? I would be forever grateful!",
            "replies": {
                "023": {
                    "text": "I already have it. Here you go",
                    "item": "SpecialFlower"
                },
                "022": {
                    "text": "I've already given it to Arnaldo",
                    "flag": "quest_flower_completed",
                    "no_flag": "dd_flower"
                },
                "015": {
                    "text": "Sure"
                },
                "016": {
                    "text": "No"
                },
                "017": {
                    "text": "I'm not going to get the flower"
                }
            }
        },
        "015": {
            "name": "Raul Simao",
            "text": "Thank you. Spritz and I will be here, friend!",
            "set_flag": "quest_flower_dd"
        },
        "016": {
            "name": "Raul Simao",
            "text": "Oh... That's a shame. At least you'll help Arnaldo.",
            "set_flag": "quest_flower_dd_no"
        },
        "017": {
            "name": "Raul Simao",
            "text": "I think you should reconsider. I'll be here if you do.",
            "set_flag": "quest_flower_dd_no"
        },
        "018": {
            "name": "Raul Simao",
            "text": "Hey, have you reconsidered?",
            "replies": {
                "023": {
                    "text": "Yes, here you go",
                    "item": "SpecialFlower"
                },
                "022": {
                    "text": "I've already given it to Arnaldo",
                    "flag": "quest_flower_completed",
                    "no_flag": "dd_flower"
                },
                "015": {
                    "text": "Yes"
                },
                "019": {
                    "text": "No"
                },
                "008": {
                    "text": "Could I borrow that dog?",
                    "flag": "dd_mangy"
                },
                "branch_dog": {
                    "text": "Could I borrow Spritz?",
                    "no_flag": "dd_mangy"
                }
            }
        },
        "019": {
            "name": "Raul Simao",
            "text": "I'll be here if you change your mind."
        },
        "020": {
            "name": "Raul Simao",
            "text": "So, have you brought the flower?",
            "replies": {
                "024": {
                    "text": "Yes, here you go",
                    "item": "SpecialFlower"
                },
                "022": {
                    "text": "I've already given it to Arnaldo",
                    "flag": "quest_flower_completed",
                    "no_flag": "dd_flower"
                },
                "021": {
                    "text": "I don't have it yet"
                }
            }
        },
        "021": {
            "name": "Raul Simao",
            "text": "Spritz and I will be waiting!"
        },
        "022": {
            "name": "Raul Simao",
            "text": "That's a shame... At least Arnaldo is happy.",
            "set_flag": "quest_flower_dd_sad"
        },
        "023": {
            "name": "Raul Simao",
            "text": "Wow! I wasn't expecting that!",
            "next": "024"
        },
        "024": {
            "name": "Raul Simao",
            "text": "Thank you so much! If you need anything, I'll be here, friend.",
            "remove_item": "SpecialFlower",
            "set_flag": "dd_flower"
        },
        "025":{
            "text": "I don't think Arnaldo is ever going to forgive us, but at least you helped him...",
            "replies": {
                "008": {
                    "text": "Could I borrow that dog?",
                    "flag": "dd_mangy"
                },
                "branch_dog": {
                    "text": "Could I borrow Spritz?",
                    "no_flag": "dd_mangy"
                }
            }
        },
        "026": {
            "text": "I'm forever grateful. What do you need, friend?",
            "replies": {
                "008": {
                    "text": "Could I borrow that dog?",
                    "flag": "dd_mangy"
                },
                "027": {
                    "text": "Could I borrow Spritz?",
                    "no_flag": "dd_mangy"
                }
            }
        },
        "branch_dog": {
            "027": {
                "flag":"dd_flower"
            },
            "028": {
                "flag":"quest_flower_dd_sad"
            },
            "034": {}
        },
        "027": {
            "name": "Raul Simao",
            "text": "Of course, my friend! It's the least I can do after you helped me reconcile with Arnaldo!",
            "next": "030"
        },
        "028": {
            "name": "Raul Simao",
            "text": "You didn't help me, but you kept your word to Arnaldo and gave him the flower, which means you keep your word.",
            "next": "029"
        },
        "029": {
            "text": "Why do you need Spritz?",
            "replies": {
                "031": {
                    "text": "The Gravekeeper needs help getting truffles",
                    "flag": "gk_mention_truffle"
                },
                "branch_mangy": {
                    "text": "I just want a dog"
                },
                "end":{
                    "text":"Nevermind"
                }
            }
        },
        "030": {
            "name": "Raul Simao",
            "text": "Take care of Spritz and don't forget to bring him back when you're done. I don't know what I'd do without him!",
            "set_flag": "dd_borrow_dog",
            "reward": "Dog",
            "visibility": "Spritz"
        },
        "031": {
            "name": "Raul Simao",
            "text": "Dampere has a thing for truffles, so that's a legitimate reason!",
            "next": "030"
        },
        "branch_mangy": {
            "032": {
                "flag": "dd_mangy"
            },
            "033": {}
        },
        "032": {
            "name": "Raul Simao",
            "text": "You weren't fond of him before, and I doubt you changed your mind..."
        },
        "033": {
            "name": "Raul Simao",
            "text": "Dog's usually like treats, so you might be able to get YOUR OWN dog if you have some on you! Not Spritz, though, he already has an owner!"
        },
        "034": {
            "name": "Raul Simao",
            "text": "Sorry, I don't trust you enough to lend you my dear Spritz."
        },
        "035":{
            "name":"Raul Simao",
            "text": "Don't forget to return Spritz!",
            "replies": {
                "036": {
                    "text": "I don't need him anymore, here you go",
                    "item": "Dog"
                },
                "037": {
                    "text": "I still need him"
                }
            }
        },
        "036": {
            "name": "Raul Simao",
            "text": "Thank you. I hope he was able to help!",
            "set_flag": "dd_return_dog",
            "remove_item": "Dog",
            "visibility": "Spritz"
        },
        "037": {
            "name": "Raul Simao",
            "text": "No worries, just don't forget to bring him back!"
        },
        "038":{
            "name": "Raul Simao",
            "text": "Do you need Fritz's assistance again?",
            "replies": {
                "027": {
                    "text": "Actually, I do"
                },
                "end": {
                    "text": "Not really"
                }
            }
        }

        
    },
    "dog":{
        "start":{
            "002":{
                "flag":"dd_meet"
            },
            "001": {}
        },
        "001": {
            "name": "Dog",
            "text": "WOOF"
        },
        "002": {
            "name": "Spritz",
            "text": "WOOF WOOF"
        }
    },
    "grave":{
        "001": {
            "text": "The inscription reads: \"In Loving Memory of Josefa, the sweetest soul that ever lived\"",
            "next": "branch_dig"
        },
        "branch_dig": {
            "007": {
                "flag": "grave_dug"
            },
            "002": {
                "flag": "old_mention_necklace"
            },
            "end": {}

        },
        "002":{
            "text": "You remember the old man's mention of what you assume is a unique family pendant",
            "replies": {
                "003": {
                    "text": "Dig with your shovel",
                    "item": "Shovel"
                },
                "004": {
                    "text": "Have Spritz dig the grave",
                    "item": "Dog"
                },
                "005": {
                    "text": "Dig with your hands",
                    "no_flag": "grave_dig_hands"
                },
                "end": {
                    "text": "Don't disturb the grave"
                }
            }
        },
        "003": {
            "text": "You dig until you find Josefa's bones. You pry her pendant out of her neck.",
            "next": "006",
            "reward": "WifeHeirloom",
            "set_flag": "grave_dig_shovel"
        },
        "004": {
            "text": "Spritz happily digs, spraying earth everywhere, until he finds Josefa's bones. You pry her pendant out of her neck, while he happily chews on a bone.",
            "next": "006",
            "reward": "WifeHeirloom",
            "set_flag": "grave_dig_dog",
            "delayed_flag": "old_dd_mad"
        },
        "005": {
            "text": "You dig for a bit, until your nails hit earth that is no longer soft. You feel continuing without some sort of tool would be a waste of time.",
            "set_flag": "grave_dig_hands"
        },
        "006": {
            "text": "You get out of the grave with some effort, due to the hole's size",
            "set_flag": "grave_dug"
        },
        "007": {
            "text": "It's hard to miss the hole you dug and, from where you stand, you can see Josefa's skeleton, covered in her tattered dress."
        }
    },
    "friend": {
        "start": {
            "008": {
                "flag": "friend_escape"
            },
            "004": {
                "flag": "intro_done"
            },
            "001": {}
        },
        "001": {
            "name": "Friend",
            "text": "Hello, again. You're probably investigating the rumours about the area's machine too! No one knows if it's The Coffee Machine, but it's worth the try.",
            "next": "002"
        },
        "002": {
            "name": "Friend",
            "text": "Problem is there is no way out. At least that I know of. I talked to a shady guy, to the east, offering some sort of deal to get me out, but It seemed too risky",
            "set_flag": "intro_done",
            "next": "003"
        },
        "003":{
            "name": "Friend",
            "text": "I'll be here if you need me, and don't forget to tell me if you find a way out!"
        },
        "004": {
            "name": "Friend",
            "text": "Hey! You're back with good news, I hope?",
            "replies": {
                "005": {
                    "text": "Got us a way out of here, but you need to hurry",
                    "flag": "grunho_friend_ask"
                },
                "006": {
                    "text": "I found a machine. No coffe, though",
                    "flag": "machine_found"
                },
                "007": {
                    "text": "No luck so far"
                }
            }            
        },
        "005": {
            "name": "Friend",
            "text": "Nice! I'll meet you there",
            "set_flag": "friend_escape"
        },
        "006": {
            "name": "Friend",
            "text": "That's a shame... We still need to find a way out!"
        },
        "007": {
            "name": "Friend",
            "text": "Well, I'll be here if you need me, and don't forget to tell me if you find a way out!"
        },
        "008": {
            "name": "Friend",
            "text": "Don't worry about me, I'll be there on time"
        }
    },
    "grunho": {
        "start": {
            "009": {
                "flag": "grunho_escape"
            },
            "006":{
                "flag": "grunho_meet"
            },
            "001":{
            }
        },
        "001": {
            "name": "Abrotio Primao",
            "text": "Hey, you. Stuck here, right? I know way to get out, yes? You want?",
            "replies": {
                "002": {
                    "text": "Yes"
                },
                "003": {
                    "text": "I think I'm good"
                }
            }
        },
        "002": {
            "name": "Abrotio Primao",
            "text": "Very nice. I help, but first you give. Like unique valuable item, or dog seasoned with truffle.",
            "set_flag": "grunho_meet",
            "replies": {
                "003": {
                    "text": "Can't I get you anything else?",
                    "no_flag": "grunho_asked_else"
                },
                "004": {
                    "text": "Sure... I'll see what I can do"
                },
                "005": {
                    "text": "I'll think about it"
                }
            }
        },
        "003": {
            "name": "Abrotio Primao",
            "text": "No!",
            "set_flag": "grunho_asked_else",
            "next": "002"
        },
        "004": {
            "name": "Abrotio Primao",
            "text": "I wait here."
        },
        "005": {
            "name": "Abrotio Primao",
            "text": "You no escape area without Abrotio, I guarantee."
        },
        "006": {
            "name": "Abrotio Primao",
            "text": "You bring what I ask? No deal other way.",
            "replies": {
                "007": {
                    "text": "Here's a unique family heirloom",
                    "item": "WifeHeirloom"
                },
                "008": {
                    "text": "Here's a dog, no truffles",
                    "item": "Dog"
                },
                "013": {
                    "text": "Here's a special snack",
                    "item": "BagOfChips"
                },
                "005": {
                    "text": "Nope"
                }
            }
        },
        "007": {
            "name": "Abrotio Primao",
            "text": "Much pretty I like...",
            "remove_item": "WifeHeirloom",
            "set_flag": "grunho_unique",
            "next": "009"
        },
        "008": {
            "name": "Abrotio Primao",
            "text": "Is good, dog meat good with or no truffle",
            "set_flag": "grunho_dog",
            "remove_item": "Dog",
            "next": "009"
        },
        "009": {
            "name": "Abrotio Primao",
            "text": "To go now?",
            "set_flag": "grunho_escape",
            "replies": {
                "010": {
                    "text": "Yes, get me out of here",
                    "flag": "machine_found"
                },
                "011": {
                    "text": "Wait, I haven't found the machine yet!",
                    "no_flag": "machine_found"
                },
                "012": {
                    "text": "Wait, can I bring a friend with me?",
                    "flag": "intro_done"
                }
            }
        },
        "010": {
            "name": "Abrotio Primao",
            "text": "Ready! We go away!",
            "set_flag": "grunho_escape",
            "finish": {}
        },
        "011": {
            "name": "Abrotio Primao",
            "text": "Fine. Find machine then back but fast"
        },
        "012":{
            "name": "Abrotio Primao",
            "text": "No problem. Think I know guy just tell him to ready",
            "set_flag": "grunho_friend_ask"
        },
        "013": {
            "name": "Abrotio Primao",
            "text": "Oh my god what is this it? Tastes just like dog seasoned with truffle, very good!",
            "set_flag": "grunho_chips",
            "remove_item": "Dog",
            "next": "009"
        }
    },
    "machine": {
        "start": {
            "002": {
                "item": "DogTreat"
            },
            "001": {}
        },
        "001": {
            "text": "Before you stands a vending machine. Unfortunately, it's a snack machine, not the one you're looking for. There's a coffee stain on it, however, and you cannot resist the urge to lick it. Somehow, you feel better!",
            "heal": {},
            "set_flag": "machine_found"
        },
        "002": {
            "text": "When you approach the machine, your dog treat starts humming. A compartment extends, with the exact shape of the treat, and a screen with three options appears",
            "next": "006"
        },
        "003": {
            "text": "You hear a loud THUNK, and then you retrieve the armor.",
            "reward": "PlateArmor"
        },
        "004": {
            "text": "The machine spits out a blade, which somehow lands at your feet without hurting you.",
            "reward": "Sword"
        },
        "005": {
            "text": "A celestial tune playes while the chips are extracted within a special compartment, which is only inserted after you pick them up.",
            "reward": "BagOfChips"
        },
        "006": {
            "text": "Which do you choose?",
            "remove_item": "DogTreat",
            "replies": {
                "003": {
                    "text": "Pick the armor",
                    "no_flag": "dd_flower"
                },
                "004": {
                    "text": "Pick the sword",
                    "no_flag": "dd_flower"
                },
                "005": {
                    "text": "Pick the dog \"seasoned with truffles\" flavoured chips"
                }
            }
        }        
    }
}